id,expected
0,0.4611786227439969
1,0.3308763848561842
2,0.45533924110820234
3,0.6642027100786939
4,0.7474816526216457
5,0.3190486406823536
6,0.2949517216027949
7,0.2922064241244474
8,0.6825585813210233
9,0.4181470589277967
10,0.586868381604099
11,0.3483370603548006
12,0.2618548271822161
13,0.35475238947726573
14,0.40519279364170435
15,0.7907193871008233
16,0.47814114972866895
17,0.4924859812306287
18,0.30092317703484517
19,0.4268039656332798
